firstName,lastName,email
James,test,jbutt@gmail.com
Josephine,test,josephine_darakjy@darakjy.org
Art,test,art@venere.org
Lenna,test,lpaprocki@hotmail.com
Donette,test,donette.foller@cox.net
Simona,test,simona@morasca.com
Mitsue,test,mitsue_tollner@yahoo.com
Leota,test,leota@hotmail.com
Sage,test,sage_wieser@cox.net
